--------CREATE DB & TABLES-------------
-- create "bridging" database
CREATE DATABASE "bridging";

-- create "User_types" table
CREATE TABLE IF NOT EXISTS "user_types" (
  id SERIAL PRIMARY KEY,
  user_type VARCHAR(40) NOT NULL UNIQUE
);

-- create "Beds_allowed_options" table
-- refers to whether or not the agency is allowed to purchase new beds
CREATE TABLE IF NOT EXISTS "beds_allowed_options" (
  id SERIAL PRIMARY KEY,
  beds_allowed_option VARCHAR(40) NOT NULL UNIQUE
);

-- create "Agencies" table
-- bridging_agency_id is the ID assigned to the agency in Bridging's Access database
CREATE TABLE IF NOT EXISTS "agencies" (
  id SERIAL PRIMARY KEY,
  name VARCHAR(120) NOT NULL UNIQUE,
  beds_allowed_option_id INTEGER REFERENCES "beds_allowed_options" DEFAULT 1,
  bridging_agency_id INTEGER NOT NULL,
  street VARCHAR(200),
  city VARCHAR(30),
  state VARCHAR(2),
  zip_code VARCHAR(10),
  county VARCHAR(30),
  website VARCHAR(100),
  primary_first VARCHAR(40),
  primary_last VARCHAR(40),
  primary_job_title VARCHAR(50),
  primary_department VARCHAR(50),
  primary_business_phone VARCHAR(30),
  primary_business_phone_ext VARCHAR(10),
  primary_mobile_phone VARCHAR(30),
  primary_email VARCHAR(120),
  access_disabled BOOLEAN DEFAULT FALSE,
  notes TEXT
);

-- create "Users" table
CREATE TABLE IF NOT EXISTS "users" (
  id SERIAL PRIMARY KEY,
  user_type_id INTEGER NOT NULL REFERENCES "user_types",
  agency_id INTEGER NOT NULL REFERENCES "agencies",
  email VARCHAR(120) NOT NULL UNIQUE,
  first VARCHAR(40) NOT NULL,
  last VARCHAR(40) NOT NULL,
  password VARCHAR(120),
  day_phone VARCHAR(30),
  ext VARCHAR(10),
  access_disabled BOOLEAN DEFAULT FALSE,
  department VARCHAR(50),
  token VARCHAR(120),
  token_expiration DATE,
  last_login_date DATE,
  notes TEXT
);

-- create "Statuses" table
-- refers to status of appt (confirmed, pending, canceled)
CREATE TABLE IF NOT EXISTS "statuses" (
  id SERIAL PRIMARY KEY,
  status VARCHAR(20) NOT NULL UNIQUE
);

-- create "Appt_types" table
-- refers to type of appointment--currently shopping or new bed
CREATE TABLE IF NOT EXISTS "appointment_types" (
  id SERIAL PRIMARY KEY,
  appointment_type VARCHAR(40) NOT NULL UNIQUE
);

-- create "Days" table
-- contains names of days of week
CREATE TABLE IF NOT EXISTS "days" (
  id SERIAL PRIMARY KEY,
  name VARCHAR(10) NOT NULL UNIQUE
);

-- create "Delivery_methods" table
-- currently options are pickup or delivery
CREATE TABLE IF NOT EXISTS "delivery_methods" (
  id SERIAL PRIMARY KEY,
  delivery_method VARCHAR(20) NOT NULL UNIQUE
);

-- create "Locations" table
-- currently options will be Bloomington and Roseville
CREATE TABLE IF NOT EXISTS "locations" (
  id SERIAL PRIMARY KEY,
  location VARCHAR(50) NOT NULL UNIQUE,
  street VARCHAR(200),
  city VARCHAR(30),
  state VARCHAR(2),
  zip_code VARCHAR(10)
);

-- create "Appt_slots" table
-- refers to a default timeslot (with a certain number of appointments available)
-- within that timeslot) in Bridging's repeating schedule
CREATE TABLE IF NOT EXISTS "appointment_slots" (
  id SERIAL PRIMARY KEY,
  appointment_type_id INTEGER NOT NULL REFERENCES "appointment_types",
  day_id INTEGER NOT NULL REFERENCES "days",
  delivery_method_id INTEGER NOT NULL REFERENCES "delivery_methods",
  location_id INTEGER NOT NULL REFERENCES "locations",
  start_time TIME NOT NULL,
  end_time TIME NOT NULL,
  num_allowed INTEGER
);

-- create "Overrides" table
-- stores one-off changes to default schedule
CREATE TABLE IF NOT EXISTS "overrides" (
  id SERIAL PRIMARY KEY,
  appointment_slot_id INTEGER NOT NULL REFERENCES "appointment_slots",
  override_date DATE NOT NULL,
  num_allowed INTEGER
);

-- create "Appts" table
-- refers to a single appointment that has been made by a caseworker
-- TODO: start confirmation_id at 45001 (will be used as Confirmation#)
CREATE TABLE IF NOT EXISTS "appointments" (
  id SERIAL PRIMARY KEY,
  user_id INTEGER NOT NULL REFERENCES "users",
  created_date DATE NOT NULL,
  client_id INTEGER NOT NULL,
  status_id INTEGER NOT NULL REFERENCES "statuses",
  appointment_slot_id INTEGER NOT NULL REFERENCES "appointment_slots",
  appointment_date DATE NOT NULL,
  delivery_date DATE,
  confirmation_id SERIAL
);

-- create "Zip_codes" table
CREATE TABLE IF NOT EXISTS "zip_codes" (
  id SERIAL PRIMARY KEY,
  location_id INTEGER NOT NULL REFERENCES "locations",
  zip_code VARCHAR(10) NOT NULL,
  zone INTEGER NOT NULL
);


-- create "Race_ethnicity" table
CREATE TABLE IF NOT EXISTS "race_ethnicity" (
  id SERIAL PRIMARY KEY,
  race_ethnicity VARCHAR(50) NOT NULL UNIQUE
);

-- create "clients" table
-- TODO: finish "clients" table
CREATE TABLE IF NOT EXISTS "clients" (
  id SERIAL PRIMARY KEY,
  first VARCHAR(20),
  last VARCHAR(20),
  dob DATE,
  race_ethnicity_id INTEGER REFERENCES "race_ethnicity",
  street VARCHAR(200),
  city VARCHAR(30),
  state VARCHAR(2),
  zip_code VARCHAR(10)
);


--------INSERT STATIC DATA INTO TABLES-------------

-- add data to "User_types" table
INSERT INTO "user_types" ("user_type") VALUES ('admin'), ('caseworker');

-- add data to "Beds_allowed_options" table
INSERT INTO "beds_allowed_options" ("beds_allowed_option") VALUES ('yes'), ('no'), ('check');

-- add data to "Appt_types" table
INSERT INTO "appointment_types" ("appointment_type") VALUES ('shopping'), ('new bed');

-- add data to "Delivery_methods" table
INSERT INTO "delivery_methods" ("delivery_method") VALUES ('pickup'), ('delivery');

-- add data to "Days" table
INSERT INTO "days" ("name") VALUES ('Sunday'), ('Monday'), ('Tuesday'), ('Wednesday'),
('Thursday'), ('Friday'), ('Saturday');

-- add data to "Statuses" table
INSERT INTO "statuses" ("status") VALUES ('confirmed'), ('pending'), ('canceled'), ('denied');

-- add data to "Locations" table
INSERT INTO "locations" ("location", "street", "city", "state", "zip_code") VALUES ('Bloomington', '201 W 87th St.',
  'Bloomington', 'MN', '55420'), ('Roseville', '1730 Terrace Dr.', 'Roseville',
  'MN', '55113');

-- add data to "Race_ethnicity" table
INSERT INTO "race_ethnicity" ("race_ethnicity") VALUES ('African'),
  ('American Indian or Alaska Native'), ('Asian or Pacific Islander'),
  ('Black or African American'), ('Hispanic'), ('Mixed Racial Background'),
  ('White'), ('Other');

-- add data to "Zip_codes" table
INSERT INTO "zip_codes" ("zip_code", "zone", "location_id") VALUES ('55001', 1, 1),
  ('55016', 1, 1), ('55024', 1, 1), ('55033', 1, 1), ('55043', 1, 1),
  ('55044', 1, 1), ('55055', 1, 1), ('55068', 1, 1), ('55071', 1, 1),
  ('55076', 1, 1), ('55077', 1, 1), ('55120', 1, 1), ('55121', 1, 1),
  ('55122', 1, 1), ('55123', 1, 1), ('55124', 1, 1), ('55125', 1, 1),
  ('55129', 1, 1), ('55306', 1, 1), ('55337', 1, 1), ('55317', 2, 1),
  ('55318', 2, 1), ('55322', 2, 1), ('55331', 2, 1), ('55372', 2, 1),
  ('55375', 2, 1), ('55378', 2, 1), ('55379', 2, 1), ('55386', 2, 1),
  ('55387', 2, 1), ('55311', 3, 1), ('55340', 3, 1), ('55356', 3, 1),
  ('55359', 3, 1), ('55364', 3, 1), ('55369', 3, 1), ('55374', 3, 1),
  ('55384', 3, 1), ('55391', 3, 1), ('55411', 3, 1), ('55412', 3, 1),
  ('55422', 3, 1), ('55427', 3, 1), ('55428', 3, 1), ('55441', 3, 1),
  ('55442', 3, 1), ('55446', 3, 1), ('55447', 3, 1), ('55111', 4, 1),
  ('55305', 4, 1), ('55343', 4, 1), ('55344', 4, 1), ('55345', 4, 1),
  ('55346', 4, 1), ('55347', 4, 1), ('55403', 4, 1), ('55404', 4, 1),
  ('55405', 4, 1), ('55406', 4, 1), ('55407', 4, 1), ('55408', 4, 1),
  ('55409', 4, 1), ('55410', 4, 1), ('55416', 4, 1), ('55417', 4, 1),
  ('55419', 4, 1), ('55420', 4, 1), ('55423', 4, 1), ('55424', 4, 1),
  ('55425', 4, 1), ('55426', 4, 1), ('55431', 4, 1), ('55435', 4, 1),
  ('55436', 4, 1), ('55437', 4, 1), ('55438', 4, 1), ('55439', 4, 1),
  ('55454', 4, 1), ('55005', 5, 2), ('55011', 5, 2), ('55014', 5, 2),
  ('55070', 5, 2), ('55092', 5, 2), ('55303', 5, 2), ('55304', 5, 2),
  ('55316', 5, 2), ('55433', 5, 2), ('55434', 5, 2), ('55443', 5, 2),
  ('55444', 5, 2), ('55445', 5, 2), ('55448', 5, 2), ('55449', 5, 2),
  ('55025', 6, 2), ('55038', 6, 2), ('55042', 6, 2), ('55047', 6, 2),
  ('55073', 6, 2), ('55082', 6, 2), ('55109', 6, 2), ('55110', 6, 2),
  ('55115', 6, 2), ('55119', 6, 2), ('55128', 6, 2), ('55075', 7, 2),
  ('55101', 7, 2), ('55102', 7, 2), ('55103', 7, 2), ('55104', 7, 2),
  ('55105', 7, 2), ('55106', 7, 2), ('55107', 7, 2), ('55108', 7, 2),
  ('55112', 7, 2), ('55113', 7, 2), ('55114', 7, 2), ('55116', 7, 2),
  ('55117', 7, 2), ('55118', 7, 2), ('55126', 7, 2), ('55127', 7, 2),
  ('55130', 7, 2), ('55155', 7, 2), ('55401', 7, 2), ('55402', 7, 2),
  ('55413', 7, 2), ('55414', 7, 2), ('55415', 7, 2), ('55418', 7, 2),
  ('55421', 7, 2), ('55429', 7, 2), ('55430', 7, 2), ('55432', 7, 2),
  ('55455', 7, 2);


--add data to "Agencies" table
INSERT INTO "agencies" ("bridging_agency_id", "name", "street", "city", "state",
  "zip_code", "county", "website", "primary_job_title", "primary_first",
  "primary_last", "primary_department", "primary_business_phone",
  "primary_business_phone_ext", "primary_mobile_phone", "primary_email")
  VALUES (0, 'Bridging', '', '', '', '', '', '', '', '', '', '', '', '', '', ''),
  (1502, 'Aeon', '901 N 3rd Street, Suite 150', 'Minneapolis', 'MN', '55401',
    'Hennepin', 'http://www.aeonmn.org', 'Resident Connections Manager', 'Molly',
    'Wulf', '', '(612) 247-6756', '', '', 'mwulf@aeonmn.org'),
  (1503, 'African Community Services', '1305 East 24th Street', 'Minneapolis',
    'MN', '55404', 'Hennepin', 'www.africancs.org', 'Manager', 'Khalif', 'Jama',
    '', '(612) 721-9984', '208', '', 'kjama@africancs.org'),
  (1504, 'Ain Dah Yung Center', '1089 Portland Ave', 'St. Paul', 'MN', '55104',
    'Ramsey', 'www.adycenter.org', 'Director', 'Angela', 'Gauthier',
    'Children and Families Program', '(651) 227-4184', '12', '',
    'Angela.Gauthier@adycenter.org'),
  (1505, 'American Indian Family Center', '579 Wells St', 'St. Paul', 'MN',
    '55130', 'Ramsey', 'www.aifc.net', 'Women''s Health Case Manager', 'Dawn',
    'Finnestad', '', '(651) 793-3803', '3004', '', 'dawn_finnestad@aifc.net'),
  (1506, 'American Indian OIC', '1845 E. Franklin Ave.', 'Minneapolis', 'MN',
    '55404', 'Hennepin', 'http://www.aioic.org/', 'Program Manager', 'Linda',
    'Duck', '', '(612) 341-3358', '', '', 'lindad@aioic.org'),
  (1507, 'Wilder Foundation: Wilder Programs', '451 Lexington Parkway North',
    'Saint Paul', 'MN', '55104', 'Ramsey', 'www.wilder.org', 'Business Manager',
    'Megan', 'Kettunen', '', '(651) 280-2093', '', '', 'megan.kettunen@wilder.org'),
  (1508, 'Amicus', '3041 4th Av. So.', 'Minneapolis', 'MN', '55408', 'Hennepin',
    'www.voamn.org', 'Reconnect Manager', 'Mary', 'Maas', '', '(612) 277-3009',
    '', '', 'mary.maas@voamn.org'),
  (1509, 'Anoka County Social Services', '2100 Third Avenue - 5th Floor', 'Anoka',
    'MN', '55303', 'Anoka', '', 'Supervisor', 'Kim', 'Verbrugge', '', '(763) 422-7073',
    '', '', 'Kim.Verbrugge@co.anoka.mn.us'),
  (1510, 'Anoka Hennepin District 11 - HOPE Office', '11224-B Crooked Lake Blvd. NW',
    'Coon Rapids', 'MN', '55433', 'Anoka', 'www.ahschools.us',
    'Homeless Youth and Families Liaison', 'Karrie', 'Schaaf', '', '(763) 433-4685',
    '', '', 'karrie.schaaf@ahschools.us'),
  (1511, 'ARC Housing Access Services', '800 Transfer Rd, #7A', 'Saint Paul',
    'MN', '55114', 'Ramsey', 'www.arcmn.org', 'Housing Coordinator', 'Bethany',
    'Beling', '', '(651) 604-8065', '101', '', 'bethanyb@arcmn.org'),
  (1512, 'Basilica of St. Mary', 'PO Box 50010', 'Minneapolis', 'MN', '55405',
    'Hennepin', 'http://www.mary.org', 'Administrative Assistant', 'Mary', 'Beseres',
    '', '(612) 317-3419', '', '', 'mbeseres@mary.org'),
  (1513, 'Bethany Church', '6900 Auto Club Road', 'Bloomington', 'MN', '55438',
    'Hennepin', 'http://www.bethanytc.org', '', 'Val', 'Eliason', '', '(952) 200-7960',
    '', '(952) 200-7960', 'valeliason@gmail.com'),
  (1514, 'Bolder Options', '2100 Stevens Ave South', 'Minneapolis', 'MN', '55404',
    'Hennepin', 'http://www.bolderoptions.org', 'Office Manager', 'Amy', 'Harsch',
    '', '(612) 379-2653', '', '', 'amy.harsch@bolderoptions.org'),
  (1516, 'Cabrini Partnership', '919 12th Ave SE', 'Minneapolis', 'MN', '55414',
    'Hennepin', 'http://www.ppl-inc.org', 'program manager', 'Carrie', 'McNeil',
    '', '(612) 454-4499', '', '', 'carrie.mcneil@ppl-inc.org'),
  (1517, 'CAP Agency', '712 Canterbury Rd S', 'Shakopee', 'MN', '55379', 'Dakota',
    'http://www.capagency.org', 'Dakota Healthy Families Manager', 'Michelle',
    'Dineen', '', '(651) 322-3507', '', '', 'mdineen@capagency.org'),
  (1518, 'CAPI', '3702 East Lake St', 'Minneapolis', 'MN', '55406', 'Hennepin',
    'http://www.capiusa.org', 'Program Manager', 'Layla', 'Granberg', '',
    '(612) 767-3681', '684', '', 'layla.granberg@capiusa.org'),
  (1519, 'Casa de Esperanza', '1821 University Ave 155 S', 'St. Paul', 'MN',
    '55104', 'Ramsey', 'www.casadeesperanza.org', 'Lead Advocate', 'Irene',
    'Ochoa', '', '(651) 772-1723', '', '', 'iochoa@casadeesperanza.org'),
  (1520, 'HCMC Case Management Program', '701 Park Avenue, 01', 'Minneapolis',
    'MN', '55415', 'Hennepin', '', 'Medical Case manager', 'Ejay', 'Jack', '',
    '(612) 873-5217', '', '', 'ejay.jack@hcmed.org'),
  (1521, 'Catholic Charities', '1200 2ND Ave A', 'Minneapolis', 'MN', '55403',
    'Hennepin', 'www.cctwincities.org', '', '', '', '', '(612) 204-8511', '',
    '', ''),
  (1523, 'Cenneidigh, Inc./ KCQ, Inc. - Dakota Outreach', '4555 Erin Dr., Ste. #210',
    'Eagan', 'MN', '55122', 'Dakota', '', '', 'Corey', 'Paquette', '', '', '',
    '', ''),
  (1524, 'Center for Victims of Torture', '649 Dayton Ave', 'St Paul', 'MN',
    '55104', 'Hennepin', 'http://www.cvt.org', 'Social Worker/Mental Health Case Manager',
    'Casie', 'Iwata', '', '(612) 436-4843', '', '', 'ciwata@cvt.org'),
  (1525, 'Centro Guadalupano', '2424 18th Ave S', 'Minneapolis', 'MN', '55404',
    'Hennepin', 'www.facebook.com/guadcenter', 'Program Coordinator', 'Ginger',
    'Graham', '', '(612) 724-3651', '214', '', 'vcgm.centro@gmail.com'),
  (1527, 'Church of St. Timothy', '707 89th Ave NE', 'Blaine', 'MN', '55434',
    'Anoka', '', 'Pastoral Minister', 'Maggie', 'Philbrook Laine', '',
    '(763) 784-1329', '', '', 'mplaine@churchofsttimothy.com'),
  (1528, 'City of Bloomington', '1800 W Old Shakopee Rd', 'Bloomington', 'MN',
    '55431', 'Hennepin', 'www.ci.bloomington.mn.us', '', 'Tracy', 'Smith', '',
    '(952) 563-8733', '', '', 'TSmith@bloomingtonmn.gov'),
  (1529, 'CLUES', '720 E Lake Street', 'Minneapolis', 'MN', '55406', 'Hennepin',
    'http://www.clues.org', 'Family Case Manager', 'Cindy', 'Lara', '',
    '(612) 746-3518', '', '(612) 245-8051', 'clara@clues.org'),
  (1530, 'CommonBond Communities', '1080 Montreal Ave', 'St. Paul', 'MN', '55116',
    'Ramsey', 'http://www.commonbond.org', 'Associate Vice President', 'Jessie',
    'Hendel', '', '(651) 290-6249', '', '', 'Jessie.Hendel@commonbond.org'),
  (1531, 'Community Action Partnership of Suburban Hennepin Co. (CAPSH)',
  '8800 Hwy. 7 Suite 401', 'St. Louis Park', 'MN', '55426', 'Hennepin',
  'www.capsh.org', 'Senior Case Manager', 'Pat', 'Longs', '', '952-697-1320',
  '', '', 'plongs@capsh.org'),
  (1532, 'Community Action Partnerships of Ramsey & Washington Counties',
    '450 N Syndicate St, Suite 5', 'St. Paul', 'MN', '55104', 'Ramsey',
    'http://www.caprw.org', 'Family Services Advocate', 'Richard', 'Boyce', '',
    '(651) 603-5829', '', '', 'rboyce@caprw.org'),
  (1533, 'Community Involvement Programs', '1600 Broadway St NE', 'Minneapolis',
    'MN', '55413', 'Hennepin', 'http://www.cipmn.org', 'Director', 'Tom',
    'Ruff', '', '(612) 248-8635', '', '', 'tomr@cipmn.org'),
  (1535, 'Dakota County', 'One Mendota Road West, Suite 500', 'West St. Paul',
    'MN', '55118', 'Dakota', 'http://www.co.dakota.mn.us', 'Contract Manager',
    'Lori', 'Tolzman', '', '(651) 554-5878', '', '', 'lori.tolzman@CO.DAKOTA.MN.US'),
  (1536, 'Dakota County Social Services', '1 Mendota Rd W Suite 300',
    'West St. Paul', 'MN', '55118', 'Dakota', '', '', '', '', '', '', '', '', ''),
  (1537, 'Dakota County Supportive Housing Unit', '1 Mendota Road W, Suite 100',
    'West St Paul', 'MN', '55118', 'Dakota', '', '', '', '', '', '', '', '', ''),
  (1538, 'Deeper Life Charities', '945 University Ave W', 'St. Paul', 'MN',
    '55104', 'Ramsey', 'http://www.deeperlifeminnesota.org', 'Coordinator',
    'Christianah', 'Adeniyi', '', '(651) 222-1668', '', '', 'deeperlifemn@yahoo.com'),
  (1539, 'Division of Indian Work', '1001 E. Lake St', 'Minneapolis', 'MN',
    '55407', 'Hennepin', '', 'Executive Director', 'Louise', 'Matson', '',
    '(612) 721-8772', '', '', 'lmatson@diw-mn.org'),
  (1540, 'Solid Ground', '3521 Century Ave N', 'White Bear Lake', 'MN', '55110',
    'Ramsey', '', 'Finance Manager', 'Kim', 'Ulmer', '', '(651) 846-9018', '',
    '', 'financemanager@solidgroundmn.org'),
  (1542, 'Emerge Community Development', '1101 W. Broadway Ave. N', 'Mpls', 'MN',
    '55411', 'Hennepin', '', 'Workforce Programs Manager', '', '', '',
    '(612) 787-3778', '', '', ''),
  (1543, 'Emerge Villages', '4643 Lyndale Avenue North', 'Mpls', 'MN', '55412',
    'Hennepin', 'http://www.emerge-mn.org', '', 'Marvin', 'Clark', '',
    '(612) 787-3769', '', '', 'clarkm@emerge-mn.org'),
  (1544, 'Emma B Howe YMCA Youth Intervention Services', '2304 Jackson Street NE',
    'Minneapolis', 'MN', '55418', 'Hennepin', 'http://www.ymcatwincities.org',
    'Community Program Director', 'Stacy', 'Sweeney', '', '(206) 619-7390', '',
    '', 'stacy.sweeney@ymcatwincities.org'),
  (1545, 'Face to Face', '1165 Arcade St', 'St. Paul', 'MN', '55106', 'Ramsey',
    'http://www.face2face.org', 'Program Director', 'Scott', 'Cole-Hill', '',
    '(651) 224-9644', '225', '', 'colehills@face2face.org'),
  (1547, 'Goodwill/Easter Seals', '553 Fairview Ave N', 'St. Paul', 'MN', '55104',
    'Ramsey', 'http://www.goodwilleasterseals.org', 'Community Resource Specialist',
    'Carolie T.', 'Collins', '', '(651) 379-5603', '', '',
    'ccollins@goodwilleasterseals.org'),
  (1548, 'Guild Incorporated', '130 S Wabasha, Suite 100', 'St. Paul', 'MN',
    '55107', 'Ramsey', '', 'Director', 'Julie', 'Grothe', '', '(651) 291-0067',
    '', '', 'jgrothe@guildincorporated.org'),
  (1550, 'Headway Emotional Health Services', '6425 Nicollet Ave S', 'Richfield',
    'MN', '55423', 'Hennepin', 'http://www.headway.org', 'Manager, Client Services',
    'Mark', 'McNamer', '', '(612) 798-8174', '', '', 'mark.mcnamer@headway.org'),
  (1551, 'Health Partners Case Management, MSHO', '8170 33rd Ave S', 'Bloomington',
    'MN', '55440', 'Hennepin', '', 'Care Coordinator', 'Susan', 'Marshall', '',
    '(952) 883-6964', '', '', 'Susan.M.Marshall@HealthPartners.com'),
  (1552, 'HHH Job Corps', '1480 Snelling Ave. N.', 'St. Paul', 'MN', '55108',
    'Ramsey', 'http://huberthhumphrey.jobcorps.gov', 'Career Transition Specialist',
    'Diane', 'Marker', '', '651-642-1133', '', '', 'attipoe.doe@jobcorps.org'),
  (1553, 'HIRED', '217 Fifth Ave North', 'Minneapolis', 'MN', '55401', 'Hennepin',
    'http://www.hired.org', 'Assistant Director', 'John', 'Klem', '', '(651) 997-5670',
    '', '', 'john.klem@hired.org'),
  (1554, 'Hmong American Partnership (HAP)', '1075 Arcade Street', 'St. Paul',
  'MN', '55106', 'Ramsey', 'www.hmong.org', 'Chief Operating Office', 'Mai',
  'Moua', '', '(651) 495-1565', '', '', 'maim@hmong.org'),
  (1555, 'Hmong College Prep Academy', '1515 Brewster St.', 'St. Paul', 'MN',
    '55108', 'Ramsey', 'www.hcpak12.org', 'Administrative Coordinator', 'Mary',
    'Vang', '', '(651) 209-8002', '', '', 'mary.vang@hcpak12.org'),
  (1556, 'Hope Community Support Program', '157 Roosevelt Road, Suite 300',
    'St. Cloud', 'MN', '56301', 'Stearns', 'www.ccstcloud.org/hope',
    'Mental Health Practitioner', 'Meg', 'Sheehan', '', '(320) 240-3326', '',
    '', 'msheehan@gw.stcdio.org'),
  (1557, 'House of Charity', '510 S. 8th St.', 'Minneapolis', 'MN', '55404',
    'Hennepin', 'www.houseofcharity.org', 'Director', 'Geoffrey', 'Meyer', '',
    '(612) 594-2026', '', '', 'g.meyer@houseofcharity.org'),
  (1558, 'Canvas Health', '7066 Stillwater Blvd N', 'Oakdale', 'MN', '55128',
    'Washington', '', 'Supervisor', 'John', 'Savereide', '', '(651) 251-5046',
    '', '', 'jsavereide@canvashealth.org'),
  (1559, 'Iglesia Centro Cristiano de Minneapolis', '1901 Portland Avenue',
    'Minneapolis', 'MN', '55404', 'Hennepin', 'http://www.plantando-iglesias.com',
    'Senior Pastor', 'Joel', 'Ramirez', '', '(612) 250-9059', '', '(612) 250-9059',
    'plantando.iglesias@gmail.com'),
  (1560, 'Interfaith Outreach & Community Partners', '1605 Co Rd 101 N', 'Plymouth',
    'MN', '55447', 'Hennepin', 'http://www.iocp.org', 'Program Director', 'Wendy',
    'Geving', '', '763.489.7531', '', '', 'wgeving@iocp.org'),
  (1561, 'International Institute of MN', '1694 Como Avenue', 'St. Paul', 'MN',
    '55108', 'Ramsey', 'http://www.iimn.org', '', 'Olivia', 'Boerschinger', '',
    '(651) 647-0191', '334', '', 'eoboerschinger@iimn.org'),
  (1562, 'Jeremiah Program', '615 1st Ave NE #210', 'Minneapolis', 'MN', '55413',
    'Hennepin', 'http://www.jeremiahprogram.org', 'Director of Family Services',
    'Rebecca', 'Putzer', '', '(651) 332-5022', '', '', 'rputzer@jeremiahprogram.org'),
  (1563, 'Jewish Family and Children''s Services of Minneapolis',
    '13100 Wayzata Blvd, Suite 400', 'Minnetonka', 'MN', '55305', 'Hennepin',
    'www.jfcsmpls.org', 'Program Manager', 'Carole', 'Cera', '', '(952) 542-4836',
    '', '', 'ccera@jfcsmpls.org'),
  (1565, 'Keystone Community Services', '2000 St Anthony Ave', 'St. Paul', 'MN',
    '55104', 'Ramsey', 'www.keystoneservices.org', 'Basic Needs Program Director',
    'Christine', 'Pulver', '', '(651) 487-2792', '2', '', 'cpulver@keystoneservices.org'),
  (1566, 'LAO Family Community of Minnesota, Inc.', '320 W University Ave',
    'St. Paul', 'MN', '55103', 'Ramsey', 'http://www.laofamily.org', 'Admin Assistant',
    'Yer', 'Chang', '', '(651) 221-0069', '', '', ''),
  (1567, 'Lifetrack Resources-Early Childhood', '709 University Ave W', 'St.Paul',
    'MN', '55104', 'Ramsey', 'www.lifetrackresources.org', 'Director', 'Diane',
    'Heldt', '', '(651) 265-2339', '', '', 'dianeh@lifetrackresources.org'),
  (1569, 'Living Word Church', '640 Prior Ave. North', 'St. Paul', 'MN', '55104',
    'Ramsey', '', 'Controller', 'Sharon', 'Ford', '', '651-842-8702', '',
    '(651) 644-6929 (church)', 'lwcadmin@lwcwom.com'),
  (1571, 'LSS Refugee Services', '2400 Park Ave', 'Minneapolis', 'MN', '55404',
    'Hennepin', 'http://www.lssmn.org', 'Director', 'Yusuf', 'Abdi', '',
    '(612) 879-5258', '', '', 'yabdi@lssmn.org'),
  (1572, 'LSS Rezek House', '501 Asbury St', 'St. Paul', 'MN', '55104', 'Ramsey',
    'www.lssmn.org', 'Program Manager', 'Tameka', 'Miller', '', '(651) 644-7739',
    '', '', 'tameka.miller@lssmn.org'),
  (1573, 'LSS Transitional Housing', '2400 Park Ave S', 'Minneapolis', 'MN',
    '55404', 'Hennepin', 'http://www.lssmn.org', 'Admin Specialist', 'Laura',
    'Kenney', '', '612-879-5310', '310', '', 'laura.kenney@lssmn.org'),
  (1574, 'Lupus Foundation of MN', '2626 E 82nd St, Suite 135', 'Bloomington',
    'MN', '55425', 'Hennepin', 'http://www.lupusmn.org', 'Director of Education',
    'Sandy', 'Parnell', '', '(952) 746-5151', '105', '', 'sparnell@lupusmn.org'),
  (1575, 'MACV', '360 Robert St N #306', 'St. Paul', 'MN', '55118', 'Ramsey',
    'http://www.mac-v.org', 'Regional Director', 'David', 'Nguyen', '',
    '(952) 388-3745', '', '', 'dnguyen@mac-v.org'),
  (1576, 'MAP', '2577 Territorial Rd', 'St Paul', 'MN', '55114', 'Ramsey',
    'mnaidsproject.org', '', 'Samantha', 'Ness', '', '(612) 373-2416', '', '',
    'Samantha.ness@mnaidsproject.org'),
  (1577, 'Mental Health Resources', '762 Transfer Rd, Ste21', 'St Paul', 'MN',
    '55114', 'Ramsey', '', 'Program Manager', 'Emma', 'Sutton', '',
    '(651) 523-0324', '', '', 'esutton@mhresources.com'),
  (1578, 'Merrick Community Services', '965 Payne Ave. Ste 300', 'St. Paul',
    'MN', '55130', 'Ramsey', 'www.merrickcs.org', 'Family Care Worker', 'Lauren',
    'Becker', '', '(651) 771-9339', '', '', 'lbecker@merrickcs.org'),
  (1579, 'Minneapolis First Seventh-Day Adventist Church', '2315 Nicolett Ave',
    'Minneapolis', 'MN', '55404', 'Hennepin', 'http://www.minneapolisfirst.org',
    'Community Services Leader', 'Leone', 'Morse', '', '(651) 408-1070', '', '',
    'leonemorse@gmail.com'),
  (1580, 'Minnesota Council of Churches Refugee Services', '122 Franklin Ave W,
    Ste 100', 'Minneapolis', 'MN', '55404', 'Hennepin', '',
    'Associate Director-Refugee Services', 'Ben', 'Walen', '', '(612) 230-3215',
    '', '', 'ben.walen@mnchurches.org'),
  (1583, 'Minneapolis Urban League', '2100 Plymouth Ave N', 'Minneapolis', 'MN',
    '55411', 'Hennepin', 'www.mul.org', 'Director', 'Ebony', 'Walker', '',
    '(612) 302-3100', '', '', 'ewalker@mul.org'),
  (1584, 'National Multiple Sclerosis Society - Upper Midwest Chapter',
    '200 12th Ave S', 'Minneapolis', 'MN', '55415-1255', 'Hennepin',
    'http://www.mssociety.org', 'Services Director', 'Heather', 'Svenson', '',
    '(612) 335-7947', '', '', 'heather.svenson@nmss.org'),
  (1585, 'Neighborhood House', '179 Robie St E', 'St. Paul', 'MN', '55107',
    'Ramsey', 'http://www.neighb.org', 'Family Center Manager', 'Shellie',
    'Rowe', '', '(651) 789-3689', '', '', '@neighb.org'),
  (1587, 'New Foundations, a program of Project for Pride in Living, Inc.',
    '1145 Westminister Ave', 'St.Paul', 'MN', '55130', 'Ramsey',
    'http://www.ppl-inc.org/', 'Program Assistant', 'Tanisha', 'Davis', '',
    '(651) 771-7565', '20', '', 'tanisha.davis@ppl-inc.org'),
  (1590, 'Our Saviour''s Housing', '2219 Chicago Ave S.', 'Minneapolis', 'MN',
    '55404', 'Hennepin', '', 'Program Director', 'Jenny', 'Mason', '',
    '(612) 872-4193', '5', '', 'jenny@oshousing.org'),
  (1591, 'Park Elder Center', '1505 Park Ave S', 'Minneapolis', 'MN', '55404',
    'Hennepin', 'http://www.volunteersofamerica.org', 'Senior Resource Specialist',
    'Pat', 'Jones', '', '(612) 278-4268', '', '', 'pjones@voamn.org'),
  (1592, 'People Incorporated', '2060 Centre Pointe Blvd. Ste.#3', 'St. Paul',
    'MN', '55120', 'Ramsey', 'http://www.peopleincorporated.org',
    'Contract Coordinator', 'Joy', 'Pitzl', '', '(651) 288-3521', '', '',
    'joy.pitzl@peopleincorporated.org'),
  (1594, 'PPL', '1035 E. Franklin Ave.', 'Minneapolis', 'MN', '55404', 'Hennepin',
    '', 'Program Manager', 'Sonia', 'Perez', '', '(612) 455-5155', '', '',
    'sonia.perez@ppl-inc.org'),
  (1595, 'Project Life', '713 County Rd. 5', 'Stillwater', 'MN', '55802',
    'Washington', 'www.stillwaterprojectlife.org', 'ED', 'Pat', 'Burns', '',
    '(651) 439-5964', '', '', 'director@stillwaterprojectlife.org'),
  (1596, 'Wilder Foundation: Project Quest & Jackson Street',
    '451 Lexington Parkway North', 'St. Paul', 'MN', '55104', 'Ramsey', '',
    'Counselor II', 'Shari', 'Sibbald', '', '(651) 280-2376', '', '',
    'shari.sibbald@wilder.org'),
  (1598, 'PROP', '14700 Martin Drive', 'Eden Praire', 'MN', '55344', 'Hennepin',
    'www.propfood.org', 'Case Manager', 'Jenny', 'Buckland', '', '(952) 746-1892',
    '', '', 'jennyb@propfood.org'),
  (1599, 'Ralph Reeder Food Shelf', '2101 - 14th St NW', 'New Brighton', 'MN',
    '55112', 'Hennepin', 'www.moundsviewschools.org', 'Program Supervisor',
    'Lisa', 'Baker', '', '(612) 621-7450', '', '', 'Lisa.Baker@moundsviewschools.org'),
  (1600, 'Ramsey County Community Human Services Department',
    '160 Kellogg Boulevard East #9500', 'St. Paul', 'MN', '55101-1494', 'Ramsey',
    '', 'Planner/Contract Manager', 'Tammy', 'Camitsch', '', '(651) 266-3747',
    '', '', 'Tammy.Camitsch@co.ramsey.mn.us'),
  (1601, 'St Paul - Ramsey County Public Health - Family Health Division',
    '1670 Beam Ave, Suite 101', 'Maplewood', 'MN', '55109', 'Ramsey', '',
    'Family Health', 'Chris', 'Kadlec', '', '(651) 266-1843', '', '',
    'chris.kadlec@co.ramsey.mn.us'),
  (1602, 'Ramsey County Workforce Solutions', '121 7th Place East #4000',
    'St. Paul', 'MN', '55101', 'Ramsey', 'www.co.ramsey.mn.us/workforce/',
    '', 'Michelle', 'Belitz', '', '(651) 266-6054', '', '',
    'michelle.belitz@co.ramsey.mn.us'),
  (1603, 'Resource Inc.', '1825 Chicago Ave. So.', 'Minneapolis', 'MN', '55404',
    'Hennepin', 'http://www.resource-mn.org', 'Director of Care Coordination',
    'Emily', 'Bastian', '', '(612) 752-8236', '', '', 'ebastian@resource-mn.org'),
  (1604, 'Richfield Public Schools', '7315 Bloomington Ave. S.', 'Richfield',
    'MN', '55423', 'Hennepin', 'http://www.richfield.k12.mn.us', 'Social Worker',
    'Lisa', 'Kalata', '', '(612) 798-6883', '', '', 'lisa.kalata@rpsmn.org'),
  (1605, 'Wilder Foundation: ROOF Project', '451 Lexington Parkway North',
    'St. Paul', 'MN', '55104', 'Ramsey', 'http://www.wilder.org', 'Family Counselor III',
    'Gloria', 'DuPree', '', '(651) 280-2377', '', '', 'gloria.dupree@wilder.org'),
  (1606, 'Safe Alternatives', '1919 Universtity Ave. Ste 160', 'St. Paul', 'MN',
    '55104', 'Ramsey', '', 'Program Manager', 'Paul', 'Lundheim', 'Safe Alternatives',
    '(651) 254-1919', '', '', 'paul.e.lundheim@healthpartners.com'),
  (1607, 'Saint Catherine University Access and Success Program',
    '2004 Randolph Ave, #4241', 'St Paul', 'MN', '55105', 'Hennepin', '',
    'Director Access and Success', 'Joan', 'Demeules', '', '(651) 690-7870', '',
    '', 'jmdemeules@stkate.edu'),
  (1608, 'Salvation Army', '2445 Prior. Av.', 'Roseville', 'MN', '55113',
    'Hennepin', 'www.salvationarmynorth.org', 'Program Coordinator', 'Dave',
    'Johnson', '', '(651) 746-3528', '', '', 'Dave_Johnson@usc.salvationarmy.org'),
  (1609, 'Scott County Health and Human Services', '200 West Fourth Ave',
    'Shakopee', 'MN', '55379', 'Scott', 'http://www.co.scott.mn.us',
    'Administrative Assistant', 'Wanda', 'Kane', '', '(952) 496-8340', '', '',
    'wkane@co.scott.mn.us'),
  (1610, 'Sherburne County Social Services', '13880 Business Center Drive',
    'Elk River', 'MN', '55330', 'Sherburne', 'http://www.co.sherburne.mn.us',
    'Case Aide', 'Deb', 'Elsner', '', '(763) 765-4016', '', '',
    'deborah.elsner@co.sherburne.mn.us'),
  (1611, 'Shiloh Temple International Ministry', '1201 W Broadway Ave N',
    'Minneapolis', 'MN', '55411', 'Hennepin', 'www.shilohtemple.com',
    'Dir. Of Community Outreach', 'Arnetta', 'Phillips', '', '', '', '',
    'aphillips@shilohtemple.com'),
  (1612, 'Simpson Housing', '2100 Pillsbury Ave S', 'Minneapolis', 'MN', '55404',
    'Hennepin', 'http://www.simpsonhousing.org', 'Program Assistant', 'Julie',
    'Wells', '', '(612) 455-0854', '', '', 'jwells@simpsonhousing.org'),
  (1613, 'Sojourner Project', 'P.O. Box 272', 'Hopkins', 'MN', '55343', 'Hennepin',
    'http://www.sojournerproject.org', 'Shelter Team Coordinator', 'Lisa',
    'Williams', '', '(952) 351-4052', '', '', 'lwilliams@sojournerproject.org'),
  (1614, 'RADIAS Health', '166 E 4th Street', 'St. Paul', 'MN', '55101', 'Ramsey',
    'ww.radiashealth.org', 'Clinical Supervisor', 'Stephen', 'Hegarty', '',
    '(651) 256-1224', '', '', 'stephen.hegarty@radiashealth.org'),
  (1616, 'St David''s Center for Child & Family Development', '3395 Plymouth Rd',
    'Minnetonka', 'MN', '55305', 'Hennepin', 'http://www.stdavidscenter.org',
    'Sr Business Analyst', 'Katie', 'Ricks', '', '(952) 548-8657', '', '',
    'kricks@stdavidscenter.org'),
  (1617, 'St. John Neumann Church', '4030 Pilot Knob Road', 'Eagan', 'MN', '55122',
    'Dakota', 'http://www.sjn.org', 'Charity & Justice Associate Director',
    'Patricia', 'Brokman', '', '(651) 454-2079', '', '', 'patricia.brokman@sjn.org'),
  (1618, 'St. Paul Public Housing Agency', '200 East Arch Street', 'St. Paul',
    'MN', '55130', 'Ramsey', '', 'Housing Manager', 'Eileen', 'Tittle', '',
    '(651) 775-3331', '', '', 'eileen.tittle@stpha.org'),
  (1619, 'St. Stephen''s ELTH', '2309 Nicollet Ave', 'Minneapolis', 'MN', '55404',
    '', 'http://www.ststephensmpls.org', 'Accountant', 'David', 'Jeffries',
    'Director of Singles', '(612) 767-6858', '', '', 'djeffries@ststephensmpls.org'),
  (1620, 'St. Stephen''s Housing', '2309 Nicollet Ave', 'Minneapolis', 'MN', '55404',
    'Hennepin', 'http://www.ststephensmpls.org', 'Rapid Rehousing Program Mgr',
    'Sara', 'Wenzel', '', '(612) 870-2299', '', '', 'SWenzel@ststephensmpls.org'),
  (1621, 'St. Stephen''s Shelter', '2309 Nicollet Ave', 'Minneapolis', 'MN',
    '55404', 'Hennepin', 'http://www.ststephensmpls.org', '', '', '', '', '',
    '', '', ''),
  (1622, 'St. Vincent de Paul', '2939 12th Ave So', 'Minneapolis', 'MN', '55407',
    'Hennepin', 'svdpmpls.org', 'Executive Director', 'Ed', 'Koerner', '',
    '(612) 722-7882', '', '(612) 860-4560', 'eekoerner@svdpmpls.org'),
  (1625, 'Tandem Family Resource Center', '4105 Chicago Ave. S.', 'Minneapolis',
    'MN', '55407', 'Hennepin', 'www.wearetandem.org', 'Associate Director',
    'Jennifer', 'Moore', '', '(612) 823-0301', '', '', 'Jennifer@wearetandem.org'),
  (1626, 'The Bridge for Youth', '1111 West 22nd St', 'Minneapolis', 'MN', '55405',
    'Hennepin', 'http://www.bridgeforyouth.org', 'Transitions Program Manager', 'Cee',
    'Jay', '', '(612) 230-6659', '', '', 'c.jackson@bridgeforyouth.org'),
  (1627, 'The Dignity Center of Hennepin Ave. UMC', '511 Groveland Ave.', 'Minneapolis',
    'MN', '55403', 'Hennepin', 'www.thedignitycenter.org', 'Director of Operations',
    'Mary', 'Martin', '', '(612) 435-1337', '', '', 'Mary.martin@hennepinchurch.org'),
  (1628, 'The Family Partnership', '4123 E Lake Street', 'Minneapolis', 'MN',
    '55406', 'Hennepin', 'http://www.thefamilypartnership.org', 'Supervisor',
    'Jed', 'Lundeen', '', '(612) 728-2045', '', '', 'jlundeen@thefamilypartnership.org'),
  (1629, 'Theresa Living Center', '917 E. Jessamine Ave', 'St. Paul', 'MN',
    '55106-2638', 'Ramsey', 'www.theresalivingcenter.org', 'Executive Director',
    'Lucy', 'Zanders', '', '(651) 774-5594', '', '', 'lucy.zanders.tlc@gmail.com'),
  (1630, 'Touchstone Mental Health', '2312 Snelling Ave.', 'Minneapolis', 'MN',
    '55404', 'Hennepin', 'www.touchstonemh.org', 'Clinical Supervisor', 'Laura',
    'Armstrong', '', '(612) 314-1075', '', '', 'larmstrong@touchstonemh.org'),
  (1631, 'Tubman', '3111 1st Ave S', 'Minneapolis', 'MN', '55408', 'Hennepin',
    'http://www.tubman .org', 'Transitional Manager', 'Karla', 'Skovholt', '',
    '(612) 767-6631', '', '', 'kskovholt@tubman.org'),
  (1632, 'Twin Cities RISE!', '800 Washington Ave N, Suite 203', 'Minneapolis',
    'MN', '55401', 'Hennepin', 'www.twincitiesrise.org', 'Coach/Instructor',
    'Tina', 'Rocket', '', '(651) 366-6052', '', '', 'tmrockett@twincitiesrise.org'),
  (1633, 'Tzedakah Circle', '2425 White Bear Ave', 'Maplewood', 'MN', '55109',
    'Ramsey', '', 'Pastor and Executive Director', 'Renee', 'Wood', '',
    '(651) 777-5200', '33', '(651) 269-2610', 'renee@redeeminglovechurch.com'),
  (1634, 'Union Gospel Mission', '435 University Ave. E.', 'St. Paul', 'MN',
    '55130', 'Ramsey', '', '', 'Rayme', 'Edwards', '', '(651) 444-5821', '', '',
    'redwards@ugmtc.org'),
  (1635, 'University of St. Thomas Advocacy',
    'Interprofessional Center for Consouling & Legal Services, 30 South 10th St.,',
    'Minneapolis', 'MN', '55403', 'Ramsey',
    'http://www.stthomas.edu/deanofstudents/services', 'Director', 'George',
    'Baboila', '', '(651) 962-4820', '', '', 'gvbaboila@stthomas.edu'),
  (1636, 'Urban Homeworks', '2015 Emerson Ave N', 'Minneapolis', 'MN', '55411',
    'Hennepin', 'www.urbanhomeworks.org', 'Community Engagement Manager',
    'Shannon', 'Jones', '', '(612) 808-6501', '', '', 'shannon.jones@urbanhomeworks.org'),
  (1637, 'Urban Ventures Center for Fathering', '2924 4th Ave South',
    'Minneapolis', 'MN', '55408', 'Hennepin', 'www.urbanventures.org',
    'Adinistrative Coordinator', 'Jocelynn', 'White', '', '(612) 455-4643',
    '', '', 'jocelynnwhite@urbanventures.org'),
  (1638, 'Vail Place', '23 - 9th Ave S', 'Hopkins', 'MN', '55343', 'Hennepin',
    'http://www.vailplace.org', 'Case Management Director', 'Jolene', 'Peterson',
    '', '(952) 945-4242', '', '', 'jpeterson@vailplace.org'),
  (1639, 'Vine and Branches, Hope Presbyterian Church', '7132 Portland Ave S',
    'Richfield', 'MN', '55423', 'Hennepin', '', 'Co-Executive Director', 'Nancy',
    'Staloch', '', '(612) 866-1359', '', '', 'nancystaloch@gmail.org'),
  (1640, 'Volunteers of America Minnesota -Caregiver Support',
    '7625 Metro Blvd Suite 300', 'Minneapolis', 'MN', '55439', 'Hennepin',
    'http://www.voamn.org', 'Caregiver Social Worker', 'Tekisha', 'Mitchell', '',
    '(952) 945-4173', '', '', 'tekisha.mitchell@voamn.org'),
  (1641, 'Wayside House', '3705 Park Center Blvd', 'St. Louis Park', 'MN',
    '55416', 'Hennepin', 'http://www.waysidehouse.org', 'Recovery Services Mgr',
    'Ashley', 'Beadell', '', '(952) 405-7642', '', '', 'ashleybe@waysidehouse.org'),
  (1642, 'West 7th Community Center', '265 Oneida St', 'St. Paul', 'MN', '55102',
    'Ramsey', '', '', 'Julie', 'Murphy', '', '', '', '', ''),
  (1643, 'Women of Nations', '73 Leech St.', 'St. Paul', 'MN', '55102', 'Ramsey',
    'www.women-of-nations.org', 'Accounting', 'Tabitha', 'Leeds', '',
    '(651) 251-1605', '', '', 'accounting@women-of-nations.org'),
  (1644, 'Women''s Advocates, Inc', '588 Grand Ave', 'St. Paul', 'MN', '55102',
    'Ramsey', 'http://www.wadvocates.org', 'Program Manager', 'Nikki', 'Beasley',
    '', '(651) 726-5208', '', '', 'nbeasley@wadvocates.org'),
  (1645, 'Woodland Hills Church', '1740 Van Dyke St', 'St. Paul', 'MN', '55109',
    'Ramsey', 'http://www.whchurch.org', 'Associate Care Pastor
  Associate Care Pastor', 'Mary', 'Anderson', '', '(651) 287-2059', '', '',
  'manderson@whchurch.org'),
  (1646, 'Working Partnerships', '312 Central Ave. Suite 524', 'Minneapolis',
    'MN', '55414', 'Hennepin', 'workingpartnerships.org',
    'AFL-CIO Community Services Liaison', 'Ashley', 'Novak', '',
    '(612) 379-8130', '112', '', 'ashley@workingpartnerships.org'),
  (1647, 'Arrive Ministries', '1515 E 66th St', 'Richfield', 'MN', '55423',
    'Hennepin', 'http://www.arriveministries.org', 'Director of Arrival Services',
    'Michelle', 'Eberhard', '', '(612) 746-5661', '', '', 'MEberhard@arriveministries.org'),
  (1648, 'Wright County', '1004 Commercial Drive', 'Buffalo', 'MN', '55313',
    'Wright', '', 'MH Supervisor', 'Diane', 'Erkens', '', '(763) 682-7402', '',
    '', 'Diane.Erkens@co.wright.mn.us'),
  (1650, 'Youthlink', '41 North 12th Street', 'Minneapolis', 'MN', '55403',
    'Hennepin', '', 'Clinical Supervisor', 'Lisa', 'Borneman', '', '(612) 252-1204',
    '', '', 'borneman@youthlinkmn.org'),
  (1651, 'YWCA St Paul', '375 Selby Ave.', 'St. Paul', 'MN', '55102', 'Ramsey',
    'www.ywcaofstpaul.org', 'THP Program Manager', 'Loriane', 'McCarty', '',
    '(651) 645-2529', '', '', 'lmccarty@ywcaofstpaul.org'),
  (1652, 'Stepping Stone Emergency Housing', 'Po Box 996', 'Anoka', 'MN', '55303',
    'Anoka', 'steppingstongeh.org', 'Program Director', 'Johnna', 'Krantz', '',
    '(763) 277-8310', '', '', 'johnna.krantz@steppingstoneeh.org'),
  (1654, 'Hennepin County', '', '', '', '', 'Hennepin', '', '', 'Charmaine',
    'Dugger', 'Operational Supports Specialist', '(612) 348-4614', '', '',
    'charmaine.dugger@hennepin.us'),
  (1655, 'Families Moving Forward', '1808 Emerson Ave. N.', 'Minneapolis', 'MN',
    '55411', 'Hennepin', 'www.beaconinterfaith.org', 'FMF Program Manager',
    'Sakinah', 'Mujahid', '', '(612) 529-2185', '13', '',
    'smujahid@beaconinterfaith.org'),
  (1657, 'The Link', '1210 Glenwood Ave', 'Minneapolis', 'MN', '55405', 'Hennepin',
    'www.thelinkmn.org', '', 'Cincere', 'Burns', '', '(612) 287-1643', '', '',
    'cburns@thelinkmn.org'),
  (1658, 'St. Stephen''s Singles', '2309 Nicollet Ave', 'Minneapolis', 'MN',
    '55404', 'Hennepin', 'http://www.ststephensmpls.org', 'Street Outreach Manager',
    'Breanna', 'Jaiijairam', '', '(612) 807-7429', '', '',
    'bjaiijairam@ststephensmpls.org'),
  (1659, 'St. Stephen''s Family Supportive Housing', '2309 Nicollet Ave',
    'Minneapolis', 'MN', '55404', 'Hennepin', 'http://www.ststephensmpls.org',
    'Family Housing Manager', 'Anne', 'Wells', '', '(612) 870-2275', '', '',
    'AWells@ststephensmpls.org'),
  (1660, 'St. Stephen''s Kateri', '2309 Nicollet Ave', 'Minneapolis', 'MN',
    '55404', 'Hennepin', 'http://www.ststephensmpls.org', 'Alumnae Cordinator',
    'Kristy', 'Graume', '', '(612) 767-4453', '', '', 'kgraume@ststephensmpls.org'),
  (1661, 'Metro Hope Ministries', '2739 Cedar Ave. S', 'Minneapolis', 'MN',
    '55407', 'Hennepin', 'www.metrohope.org', 'COO', 'Brian', 'Larson', '',
    '(612) 843-5644', '', '', 'brianl@metrohope.org'),
  (1663, 'Better Futures of Minnesota', '2620 Minnehaha Ave S', 'Minneapolis',
    'MN', '55406', 'Hennepin', 'www.betterfuturesminnesota.com', 'Housing Manager',
    'Tamuno', 'Imbu', '', '(612) 455-6133', '110', '', 'timbu@betterfutures.net'),
  (1665, 'Pillsbury United Communities - Camden Neighborhood Center',
    '1210 37th Ave. N.', 'Minneapolis', 'MN', '55412', 'Hennepin', 'www.puc-mn.org',
    'Co-Director', 'Lisa', 'Dunlap', '', '(612) 787-3707', '', '', 'dunlapl@puc-mn.org'),
  (1666, 'Burnsville School District 191', '200 W. Burnsville Parkway',
    'Burnsville', 'MN', '55337', 'Dakota', '', 'School Social Worker', 'Katie',
    'Keller', '', '(952) 895-6619', '', '', 'kkeller@isd191.org'),
  (1667, 'Steele County Transitional Housing', '560 Dunnell Drive, Ste. 212B',
    'Owatonna', 'MN', '55060', 'Steele', '', 'Case Manager', 'Keithia', 'Siem',
    '', '(507) 446-9315', '', '507-475-3534', 'keithiasiem@yahoo.com'),
  (1668, 'Carver County Health and Human Services', '602 East Fourth Street',
    'Chaska', 'MN', '55318', 'Chaska', '', 'Supervisor', 'Michelle', 'Selinger',
    '', '(952) 361-1661', '', '', 'mselinge@co.carver.mn.us'),
  (1669, 'Pax Christi', '12100 Pioneer Trail', 'Eden Prairie', 'MN', '55347',
    'Hennepin', '', 'Director of Pastoral Care', 'Jean', 'Thoresen', '',
    '(952) 405-7211', '', '', 'jthoresen@paxchristi.com'),
  (1671, 'American Indian Community Development Corp', '1508 E. Franklin Ave. #200',
    'Minneapolis', 'MN', '55404', 'Hennepin', 'www.aicdc-mn.org',
    'Housing Specialist', '', '', '', '', '', '', ''),
  (1672, 'Twin Cities Habitat for Humanity', '1954 University Ave N', 'St Paul',
    'MN', '55104', 'Ramsey', 'www.tchabitat.org', 'Post Purchase Support Associate',
    'Ben', 'Sergarden', '', '(612) 305-7192', '', '', 'ben.swegarden@tchabitat.org'),
  (1673, 'United Way - Holiday Wishes', '', '', '', '', '', '',
    'Integrated Marketing Manager', 'Brianna', 'Goad', '', '(612) 340-7698', '',
    '', 'Brianna.Goad@unitedwaytwincities.org'),
  (1674, 'The Phoenix Centre', '612 Concord St.', 'St Paul', 'MN', '55107',
    'Ramsey', '', 'Program Director', 'Mahogany', 'James', '', '', '', '',
    'mahoganyjms@gmail.com'),
  (1675, 'Start Today Hennepin', '2531 Marshall St NE', 'Minneapolis', 'MN',
    '55416', 'Hennepin', '', 'Director', 'Jennifer', 'Weissman', '',
    '(612) 353-7856', '', '', 'jweissman@starttodayhennepin.org'),
  (1676, 'Ujamaa Place', '1821 University Ave #257', 'St. Paul', 'MN', '55104',
    'Ramsey', 'www.ujamaaplace.org', 'Office Manager', 'Samia', 'Young', '',
    '(651) 528-8006', '', '', 'samia_young@ujamaaplace.org'),
  (1677, 'Karen Organization of Minnesota (KOM)', '2353 Rice St #240', 'Roseville',
  'MN', '55113', 'Ramsey', 'www.mnkaren.org', 'Program Manager', 'Saw', 'Morrison',
  '', '(651) 202-3101', '', '', 'smorrison@mnkaren.org'),
  (1678, 'Ascenson Place, Inc (formally St. Anne''s Place)', '1803 Bryant Ave N',
  'Minneapolis', 'MN', '55411', 'Hennepin', 'www.ascensionplace.org',
  'Director of Supportive Housing', 'Betsy', 'LaMarre', '', '(612) 588-0861',
  '', '', 'betsylamarre@ascensionplace.org'),
  (1679, 'St. Andrew''s Community Resource Center', '900 Stillwater Rd',
    'Mahtomedi', 'MN', '55115', 'Ramsey', 'www.saintandrews.org/CommunityResourceCenter',
    'Intake Specialist', 'Jen', 'Thompson', '', '(651) 762-9124', '', '',
    'jthompson@saintandrews.org'),
  (1680, 'American Red Cross', '1201 West River Parkway', 'Minneapolis', 'MN',
    '55454', 'Hennepin', 'www.redcross.org/mn', 'Reginal Recovery Manager', 'Jason',
    'Bengtson', '', '(612) 460-3706', '', '', 'Jason.Bengtson@redcross.org'),
  (1681, 'Summit University Teen Center', '1063 Inglehart Ave', 'St. Paul', 'MN',
    '55104', 'Ramsey', '', 'Case Manager', 'Kirsten', 'Lindsey', '',
    '(651) 466-3311', '', '', 'k.lindsey32@yahoo.com'),
  (1682, 'CROSS', '12915 Weinand Cir', 'Rogers', 'MN', '55374', 'Hennepin',
    'www.crossservices.org', 'Program Manager', 'Daisy', 'Barton', '',
    '(763) 425-1050', '', '', 'daisy@crossservices.org'),
  (1683, 'Reach for Resources, Inc', '1001 Highway 7 #235', 'Hopkins', 'MN',
    '55305', 'Hennepin', '', 'Director MHS', 'Lisa', 'Rivers', '', '', '', '',
    'lrivers@reachforresouces.org'),
  (1684, 'Northpoint Health and Wellness Center, Inc.', '1315 Penn Ave. N.',
    'Minneapolis', 'MN', '55411', 'Hennepin', 'www.northpointhealth.org',
    'Client and Family Services Dir.', 'Sara', 'Lueben', '', '(612) 767-9182',
    '', '', 'slueben@northpointinc.org'),
  (1685, 'Hennepin Health Care Systems/MVNA', '2000 Summer Street NE Ste 100',
    'Minneapolis', 'MN', '55413', 'Hennepin', 'www.mvna.org', 'VP Family Health',
    'Mary Pat', 'Sigurdson', '', '(612) 998-5775', '', '', 'sigurdsonm@mvna.org'),
  (1686, 'Hmong American Mutual Assistance Association, Inc.',
    '1718 Washington Ave. N', 'Minneapolis', 'MN', '55411', '', 'www.hamaa.org',
    'Program Development Director', '', '', '', '', '', '', ''),
  (1687, 'Life Rebuilders', '3049 Columbus Ave. S.', 'Minneapolis', 'MN', '55407',
    'Hennepin', 'www.lrbmn.org', 'Executive Admin', 'Keely', 'Perry', '',
    '(612) 825-6871', '', '', 'keely.perry@mwcmn.org'),
  (1688, 'Community Action of Minneapolis', '2104 Park Ave. S', 'Minneapolis',
    'MN', '55404', 'Hennepin', 'www.campls.org', 'Family Services Coordinator',
    'Nina', 'Lee', '', '(612) 334-3672', '416', '', 'nlee@campls.org'),
  (1689, 'Mentoring Young Adults', '550 Rice St. #103', 'St. Paul', 'MN', '55103',
    'Ramsey', '', 'Executive Director', 'Dora', 'Jones', '', '', '',
    '(651) 222-7721', 'daja4life@yahoo.com'),
  (1690, 'Redemption Ministries', '20884 Independence Ave', 'Lakeville', 'MN',
    '55044', 'Dakota', '', 'President', 'Al', 'Just', '', '(952) 300-7490', '',
    '', 'aljust20@gmail.com'),
  (1691, 'CornerHouse', '2502 10th Ave. S.', 'Minneapolis', 'MN', '55404',
    'Hennepin', '', 'Family Services Coordinator', 'Abbie', 'Diehl', '',
    '(612) 813-8312', '', '', 'Abbie.diehl@childrensmn.org'),
  (1692, 'Northside Achievement Zone (NAZ)', '2123 W. Broadway Ave. #100',
  'Minneapolis', 'MN', '55411', 'Hennepin', '', '', 'Jillian', 'Kahn', '',
  '(612) 594-8286', '', '', 'jkahn@the-naz.org'),
  (1693, 'Family Promise in Anoka County - FPAC', '14515 Nowthen Blvd NW',
    'Ramsey', 'MN', '55303', 'Anoka', 'familypromiseanoka.org', 'Caseworker',
    'Sue', 'Peterson', '', '(763) 568-7365', '', '', 'casemanager@familypromiseanoka.org'),
  (1694, 'Connections to Independence', '310 E. 38th St # 300', 'Minneapolis',
    'MN', '55409', '', 'www.c2iyouth.org', 'Program Manager', 'Michelle', 'May',
    '', '(612) 986-4168', '', '', 'mmay@c2iyouth.org'),
  (1695, 'LSS - Metro Youth', '2400 Park Ave. S', 'Minneapolis', 'MN', '55404',
    'Hennepin', 'www.lssmn.org', 'Director', 'Heather', 'Kamia', '', '(612) 879-5367',
    '', '', 'heather.kamia@lssmn.org'),
  (1696, 'CAP - RW Transitional Housing Program', '450 N Syndicate St. #45',
    'St. Paul', 'MN', '55104', 'Ramsey', '', '', '', '', '', '(651) 603-5898',
    '', '', ''),
  (1697, 'ReEntry House', '2021 E. Hennepin Ave #330', 'Minneapolis', 'MN',
    '55413', 'Hennepin', '', 'Program Director', 'Andy', 'Thompson', '',
    '(612) 435-7200', '', '', 'andrewt@SOUTH-METRO.ORG'),
  (1698, 'FreedomWorks', '3559 Penn Ave. N', 'Minneapolis', 'MN', '55412',
    'Hennepin', 'www.myfreedomworks.com', 'Administrator', 'Jeff', 'Schwartz',
    '', '', '', '', 'admin@myfreedomworks.com'),
  (1699, 'Minneapolis MADDADS', '3026 4th Ave. S.', 'Minneapolis', 'MN', '55408',
    'Hennepin', 'minneapolismaddads.org', 'Office Assistant', 'Lani', 'Bauer', '',
    '(612) 638-1007', '', '', 'maddadsassistant1@urbanventures.org'),
  (1700, 'Victory Through Faith - Micah House', '1523 Nicollet Avenue South',
    'Minneapolis', 'MN', '55403', 'Hennepin', 'micahhouse.com', 'Office Manager',
    'Rosalind', 'Blake', '', '(612) 314-2460', '7462', '', 'rblake@micahhouse.com'),
  (1701, 'Building Blocks of Islam', '3900 Jackson Strett NE', 'Columbia Heights',
    'MN', '55421', 'Anoka', 'www.thebuildingblocks.org',
    'Emergency Assistance Coordinator', 'Faryal', 'Khan', '', '(952) 451-5229',
    '', '', 'faryal.khan@thebuildingblocks.org'),
  (1702, 'Tech Dump', '698 Prior Ave North', 'St Paul', 'MN', '55104', 'Ramsey',
    'www.techdump.org', 'HR/Bookkeeper', 'Tracy', 'Jackson', '', '(763) 432-3117',
    '', '', 'tjackson@jobsfoundation.org'),
  (1703, 'Prism', '730 Florida Ave S', 'Golden Valley', 'MN', '55426', 'Hennepin',
    'www.prismmpls.org', 'Program Manager', 'Allysen', 'Hoberg', '',
    '(763) 432-4207', '', '', 'ahoberg@prismmpls.org'),
  (1704, 'AccessAbility Inc', '360 Hoover Street NE', 'Minneapolis', 'MN', '55413',
    'Hennepin', 'www.accessability.org', 'Case Manager', 'Isaac', 'Mixon', '',
    '(612) 865-3866', '', '', 'lmixon@accessability.org'),
  (1705, 'Westside Communtiy Health Services', '153 Cesar Chaves Street', 'St Paul',
    'MN', '55107', 'Ramsey', 'www.westsidechs.org', 'Lead Mental Health Case Manager',
    'Isolina', 'Soto', '', '(651) 389-2530', '', '', 'isoto@westsidechs.org'),
  (1706, 'MVNA Healthy Communities', '2000 Summer St NE #100', 'Minneapolis',
    'MN', '55413', 'Hennepin', '', 'Program Manager', 'Lydia', 'Karch', '',
    '(612) 704-2382', '', '', 'karchl@mvna.org'),
  (1707, 'The Carrington Cares Foundation, Inc', '1451 University Ave', 'St Paul',
    'MN', '55104', 'Ramsey', 'www.carringtoncaresfoundation.com', 'President/Founder',
    'Alana', 'Carrington', '', '(651) 558-7629', '', '', 'amc11192@aol.com'),
  (1708, 'Handy Help LLC', '500 Grotto Street N', 'St Paul', 'MN', '55104', 'Ramsey',
    'www.handyhelpllc.com', '', 'Toua', 'Yang', '', '(651) 760-3236', '', '',
    'toua.yang@handyhelpllc.com'),
  (1709, 'Allina Health Uptown Clinic', '1221 W. Lake Street #201', 'Minneapolis',
    'MN', '55408', 'Hennepin', '', 'Clinical Supervisor', 'Becky', 'Neumann', '',
    '(612) 775-5405', '', '', 'becky.ness@allina.com'),
  (1710, 'Matrix Housing Services', '2929 4th Ave South #210', 'Minneapolis', 'MN',
    '55408', 'Hennepin', 'www.matrixhousingservices.org', 'Director of Program',
    'Kristen', 'Brown', '', '(612) 790-3735', '', '', 'kristen@matrixhousingservices.org'),
  (1711, 'Emma Norton Services/ Emma''s Place', '2163 Van Dyke Street', 'Maplewood',
    'MN', '55109', 'Ramsey', 'www.emmanorton.org', 'Program Director', 'Sharri',
    'Adams', '', '(651) 747-8766', '404', '', 'sadams@emmanorton.org'),
  (1712, 'Alexandra House', '10065 3rd Street NE', 'Blaine', 'MN', '55434', 'Anoka',
    'www.alexandrahouse.org', 'Housing and Supportive Services Director', 'Jenny',
    'Green', '', '(763) 656-1365', '', '', 'jgreen@alexandrahouse.org'),
  (1713, 'RS Eden', '1931 West Broadway', 'Minneapolis', 'Mn', '55411', 'Hennepin',
    'www.rseden.org', 'House Program Director', 'Molly', 'Jalma', '',
    '(651) 247-7846', '', '', 'mjalma@rseden.org'),
  (1715, 'Community Care Services LLC', '6053 Hedson Road # 345', 'Woodbury',
    'MN', '55125', 'Washington', 'www.communitycareserviceslls.com',
    'Community Case Worker', 'Kenneth', 'Eyong', '', '(651) 478-4468', '', '',
    'keyong@communitycareservicesllc.com'),
  (1716, 'Promise Transition Services, Inc', '393 North Dunlap Street #400A',
    'St Paul', 'MN', '55104', 'Ramsey', 'www.promisetransition.com',
    'Relocation Coordinator', 'Umarou', 'Yaya', '', '(651) 645-5332', '', '',
    'umarou@promisetransition.com');
